{
   "initialCamera":{
      "west":-75.61693862731153,
      "south":40.03975131874551,
      "east":-75.60711942455856,
      "north":40.04446989072902,
      "position":{
         "x":1214950.873114248,
         "y":-4737056.713492318,
         "z":4081509.7985819667
      },
      "direction":{
         "x":0.10184495985956706,
         "y":0.9917478708225728,
         "z":0.07787017959460975
      },
      "up":{
         "x":0.34785053910642155,
         "y":-0.10883855205895905,
         "z":0.9312111318219307
      }
   },
   "homeCamera":{
      "west":109,
      "south":-45,
      "east":158,
      "north":-8
   },
   "baseMapName":"Bing Maps Aerial with Labels",
   "viewerMode":"3d"
}
